{"data":{"metadata":{"paId":"2066.2387da24-6fa5-4b61-9738-9aad54f96953","paShortName":"OA","snapshotId":"2064.65b9c188-2fb7-40d6-a5a7-8441f26a36d4","snapshotName":"2021.06.22_05","name":"Onboarding Automation"},"defaults":{"entry":[{"type":"S","value":""},{"type":"B","value":false},{"type":"I","value":0},{"type":"D","value":0.0},{"type":"DT","value":null},{"type":"DT","value":null}]},"templates":{"variableTemplates":[{"modelId":"1.306be736-82fc-474c-9095-ad052efa91a0","parentId":"1.306be736-82fc-474c-9095-ad052efa91a0","variableTemplate":[{"id":"2056.2b6c60bd-7779-4c45-8048-c9039b0e831e","name":"demoName","boTemplateName":"S"},{"id":"2056.50c9e5dd-22a1-49c0-8acd-4b0ca970d121","name":"storyboardButtonLabel","boTemplateName":"S"},{"id":"2056.3de9a80a-c909-4cef-984f-e0039d191b37","name":"discoveryMapButtonLabel","boTemplateName":"S"},{"id":"2056.a9ba60b2-fb33-49f8-9d2b-4f892c62dc5c","name":"diagramLabel","boTemplateName":"S"},{"id":"2056.2b104347-4ac1-41dd-9b0a-d6c6dd5d89c3","name":"runDemoButtonLabel","boTemplateName":"S"},{"id":"2056.e656e349-4bf6-4d42-a67c-61ed366f3422","name":"entryPointUseCaseLabel","boTemplateName":"S"},{"id":"2056.9206ba39-fd8c-42ea-aed3-ace8421cb0a9","name":"entryPointUseCaseValue","boTemplateName":"S"},{"id":"2056.ec4eed79-95e4-4514-9726-500651a450fb","name":"overviewButtonLabel","boTemplateName":"S"},{"id":"2056.c2b8f479-450b-4465-8b09-c83669d19b90","name":"entryPointUseCaseOverview","boTemplateName":"S"},{"id":"2056.d375e75f-7dd7-4b92-b2c6-e927bf38110b","name":"videoLabel","boTemplateName":"S"},{"id":"2056.6ba85943-6ef7-4170-8eda-401f221d49b0","name":"labLabel","boTemplateName":"S"},{"id":"2056.01f158f1-b4d4-42ae-9af4-db7469020429","name":"demoInterfacesLabel","boTemplateName":"S"},{"id":"2056.bec9df47-ea89-44d0-a353-18fcddffe324","name":"persona1Name","boTemplateName":"S"},{"id":"2056.3fd18db7-1ef4-41a9-830d-0c04cef13fe6","name":"persona2Name","boTemplateName":"S"}]}],"boTemplate":[]},"model":{"rootElement":[{"extensionElements":{"userTaskImplementation":[{"flowElement":[{"parallelMultiple":false,"outgoing":["2027.551387da-a46e-4dc5-b61a-a7d695dc1fdf"],"isInterrupting":true,"extensionElements":{"nodeVisualInfo":[{"color":"#F8F8F8","width":24,"x":50,"y":200,"declaredType":"TNodeVisualInfo","height":24}]},"name":"Start","declaredType":"startEvent","id":"75bc5e23-a1af-4258-b02a-b7c319c16939"},{"startQuantity":1,"incoming":["2027.551387da-a46e-4dc5-b61a-a7d695dc1fdf"],"formDefinition":{"coachDefinition":{"layout":{"layoutItem":[{"layoutItemId":"Header1","configData":[{"valueType":"static","declaredType":"com.ibm.bpmsdk.model.coach.ConfigData","id":"a5edab83-fa41-4263-8048-427f68c67fe5","optionName":"@label","value":"Focus Corp"},{"declaredType":"com.ibm.bpmsdk.model.coach.ConfigData","id":"b37a7177-4520-4f3d-8106-69ce5e825815","optionName":"@helpText","value":""},{"declaredType":"com.ibm.bpmsdk.model.coach.ConfigData","id":"265766d3-ee73-432d-8537-e53a85544a7c","optionName":"@labelVisibility","value":"SHOW"},{"valueType":"dynamic","declaredType":"com.ibm.bpmsdk.model.coach.ConfigData","id":"f16dbb1a-8529-4811-89e4-35dbe86607e9","optionName":"image","value":"{\"isResponsiveData\":true,\"values\":[{\"deviceConfigID\":\"LargeID\",\"value\":\"61.f8f82282-fea2-4faa-85cb-a56f3d3591d8\"}]}"}],"viewUUID":"64.71db69a3-1b16-4079-920e-03c034a180f1","declaredType":"com.ibm.bpmsdk.model.coach.ViewRef","id":"dbde32df-1fb0-4201-8a52-a79c6e0192f7","version":"8550"},{"contentBoxContrib":[{"contributions":[{"layoutItemId":"Demo_name","configData":[{"declaredType":"com.ibm.bpmsdk.model.coach.ConfigData","id":"2ada819e-5317-4425-8917-f8c122f88cd1","optionName":"labelWeightNormal","value":"{\"isResponsiveData\":true,\"values\":[{\"deviceConfigID\":\"LargeID\",\"value\":true}]}"},{"valueType":"static","declaredType":"com.ibm.bpmsdk.model.coach.ConfigData","id":"b509d71d-34f4-4746-827a-15e7beb4eff0","optionName":"@label","value":""},{"declaredType":"com.ibm.bpmsdk.model.coach.ConfigData","id":"4dd48d02-0750-41e8-860d-1419e0638342","optionName":"@helpText","value":""},{"declaredType":"com.ibm.bpmsdk.model.coach.ConfigData","id":"e4b02a85-eee5-43d4-8aea-cc818a91ac5d","optionName":"@labelVisibility","value":"HIDE"},{"declaredType":"com.ibm.bpmsdk.model.coach.ConfigData","id":"dea3f176-14e2-4a7a-835c-ca12074a39a1","optionName":"width","value":"{\"isResponsiveData\":true,\"values\":[{\"deviceConfigID\":\"LargeID\",\"value\":\"\"}]}"},{"declaredType":"com.ibm.bpmsdk.model.coach.ConfigData","id":"a512bec2-0a21-4550-86f0-6e935c1bc561","optionName":"sizeStyle","value":"{\"isResponsiveData\":true,\"values\":[{\"deviceConfigID\":\"LargeID\",\"value\":\"R\"}]}"},{"valueType":"static","declaredType":"com.ibm.bpmsdk.model.coach.ConfigData","id":"8d8cf06e-d087-4402-8235-421eaaa73a50","optionName":"weightStyle","value":"D"},{"valueType":"static","declaredType":"com.ibm.bpmsdk.model.coach.ConfigData","id":"15af0dda-7de2-4f85-8534-867a61504a93","optionName":"colorStyle","value":""},{"declaredType":"com.ibm.bpmsdk.model.coach.ConfigData","id":"03c8886f-f887-4734-8d92-86add7a18505","optionName":"labelPlacement","value":"{\"isResponsiveData\":true,\"values\":[{\"deviceConfigID\":\"LargeID\",\"value\":\"\"}]}"}],"viewUUID":"64.f634f22e-7800-4bd7-9f1e-87177acfb3bc","binding":"tw.local.demoName","declaredType":"com.ibm.bpmsdk.model.coach.ViewRef","id":"f8863bc4-ddcb-460c-8ed6-ab576b6d0670","version":"8550"}],"contentBoxId":"ContentBox1","declaredType":"com.ibm.bpmsdk.model.coach.ContentBoxContrib","id":"e683d44d-f84b-4928-89f0-f34ea75ae7cd"}],"layoutItemId":"Vertical_layout1","configData":[{"declaredType":"com.ibm.bpmsdk.model.coach.ConfigData","id":"d78da3a6-5475-4581-82b6-22a21a314f39","optionName":"@label","value":"Vertical layout"},{"declaredType":"com.ibm.bpmsdk.model.coach.ConfigData","id":"0bbff986-7bb1-44d4-8eac-27dd5eb77577","optionName":"@helpText","value":""},{"declaredType":"com.ibm.bpmsdk.model.coach.ConfigData","id":"eb097656-b9ea-4618-869d-50a847e447f1","optionName":"@labelVisibility","value":"SHOW"},{"declaredType":"com.ibm.bpmsdk.model.coach.ConfigData","id":"027c5438-0b15-425e-8962-6de01da989df","optionName":"hAlignment","value":"{\"isResponsiveData\":true,\"values\":[{\"deviceConfigID\":\"LargeID\",\"value\":\"C\"}]}"}],"viewUUID":"64.ef447b87-24a2-42a7-b2b9-cd471e9f7b67","declaredType":"com.ibm.bpmsdk.model.coach.ViewRef","id":"731e19ab-da36-4340-87da-d9dd432fcbbd","version":"8550"},{"contentBoxContrib":[{"contributions":[{"layoutItemId":"Button1","configData":[{"valueType":"dynamic","declaredType":"com.ibm.bpmsdk.model.coach.ConfigData","id":"d0000cfa-cea3-425e-89b5-3a0ee7ece261","optionName":"@label","value":"tw.local.storyboardButtonLabel"},{"declaredType":"com.ibm.bpmsdk.model.coach.ConfigData","id":"0160affe-d1db-446e-8f6b-a51f3932516f","optionName":"@helpText","value":""},{"declaredType":"com.ibm.bpmsdk.model.coach.ConfigData","id":"435b884a-fe2f-4d08-8c76-e3a27f413dda","optionName":"@labelVisibility","value":"SHOW"},{"valueType":"static","declaredType":"com.ibm.bpmsdk.model.coach.ConfigData","id":"54d1f551-37da-415e-8852-a4f6f75ef9b1","optionName":"preventMultipleClicks","value":"false"},{"valueType":"static","declaredType":"com.ibm.bpmsdk.model.coach.ConfigData","id":"c4a72057-fd3a-4f9d-888e-2f023cfe7ef2","optionName":"colorStyle","value":"I"},{"valueType":"static","declaredType":"com.ibm.bpmsdk.model.coach.ConfigData","id":"28178d58-bc43-4f51-89ad-1edb545a4023","optionName":"shapeStyle","value":"D"},{"declaredType":"com.ibm.bpmsdk.model.coach.ConfigData","id":"be2f6027-f75c-463a-8196-0f31ef46d393","optionName":"sizeStyle","value":"{\"isResponsiveData\":true,\"values\":[{\"deviceConfigID\":\"LargeID\",\"value\":\"S\"}]}"},{"valueType":"static","declaredType":"com.ibm.bpmsdk.model.coach.ConfigData","id":"e3e321ba-985c-4b29-83f7-4db002d5ae72","optionName":"outline","value":"false"},{"declaredType":"com.ibm.bpmsdk.model.coach.ConfigData","id":"79d5bdb1-dac0-4543-8e28-159a9cab2250","optionName":"iconLocation","value":"{\"isResponsiveData\":true,\"values\":[{\"deviceConfigID\":\"LargeID\",\"value\":\"L\"}]}"},{"declaredType":"com.ibm.bpmsdk.model.coach.ConfigData","id":"683be9d8-4364-4201-8ccc-142fc82cf96f","optionName":"eventON_CLICK","value":"${Stack}.setCurrentPane(0);"}],"viewUUID":"64.7133c7d4-1a54-45c8-89cd-a8e8fa4a8e36","declaredType":"com.ibm.bpmsdk.model.coach.ViewRef","id":"39e73154-b90d-45ab-8cda-883831fa9428","version":"8550"},{"layoutItemId":"Button4","configData":[{"valueType":"dynamic","declaredType":"com.ibm.bpmsdk.model.coach.ConfigData","id":"31148955-eaf5-4301-8d0a-074d52d1078a","optionName":"@label","value":"tw.local.discoveryMapButtonLabel"},{"declaredType":"com.ibm.bpmsdk.model.coach.ConfigData","id":"64525097-6529-48a7-86db-d3efbc92e45e","optionName":"@helpText","value":""},{"declaredType":"com.ibm.bpmsdk.model.coach.ConfigData","id":"c3d55d13-a545-43b4-8056-3eed10abc34b","optionName":"@labelVisibility","value":"SHOW"},{"valueType":"static","declaredType":"com.ibm.bpmsdk.model.coach.ConfigData","id":"8524450b-7fcf-41d4-8709-077b4ddcceea","optionName":"preventMultipleClicks","value":"false"},{"valueType":"static","declaredType":"com.ibm.bpmsdk.model.coach.ConfigData","id":"e0c7c5d4-c1b2-4ad9-80ea-ad43a8648aaf","optionName":"colorStyle","value":"I"},{"valueType":"static","declaredType":"com.ibm.bpmsdk.model.coach.ConfigData","id":"53e07ed3-30b0-4796-8cff-babf26a25055","optionName":"shapeStyle","value":"D"},{"declaredType":"com.ibm.bpmsdk.model.coach.ConfigData","id":"c719c7ba-e6c0-440e-8305-9ec527e8ab04","optionName":"sizeStyle","value":"{\"isResponsiveData\":true,\"values\":[{\"deviceConfigID\":\"LargeID\",\"value\":\"S\"}]}"},{"valueType":"static","declaredType":"com.ibm.bpmsdk.model.coach.ConfigData","id":"9447d3e1-46c0-49ea-8cde-9abc95d62abf","optionName":"outline","value":"false"},{"declaredType":"com.ibm.bpmsdk.model.coach.ConfigData","id":"32832457-8c2b-4e56-8667-14f18530739e","optionName":"iconLocation","value":"{\"isResponsiveData\":true,\"values\":[{\"deviceConfigID\":\"LargeID\",\"value\":\"L\"}]}"},{"declaredType":"com.ibm.bpmsdk.model.coach.ConfigData","id":"6df69c5d-cad6-4044-8717-780020f3ae9a","optionName":"eventON_CLICK","value":"${Stack}.setCurrentPane(1);"}],"viewUUID":"64.7133c7d4-1a54-45c8-89cd-a8e8fa4a8e36","declaredType":"com.ibm.bpmsdk.model.coach.ViewRef","id":"07c9d6a9-a5ca-4942-80bd-d2c55b35cc7c","version":"8550"},{"layoutItemId":"Button2","configData":[{"valueType":"dynamic","declaredType":"com.ibm.bpmsdk.model.coach.ConfigData","id":"cb150755-a842-456c-8ee0-04fb26404b21","optionName":"@label","value":"tw.local.runDemoButtonLabel"},{"declaredType":"com.ibm.bpmsdk.model.coach.ConfigData","id":"78bc5c80-be47-4dc1-8a51-ed79cef2fe15","optionName":"@helpText","value":""},{"declaredType":"com.ibm.bpmsdk.model.coach.ConfigData","id":"eb0436bf-9a2a-457f-83ca-b725ba6b9f87","optionName":"@labelVisibility","value":"SHOW"},{"valueType":"static","declaredType":"com.ibm.bpmsdk.model.coach.ConfigData","id":"b7f0cddc-bb00-4b6d-8b4d-700f421483e4","optionName":"preventMultipleClicks","value":"false"},{"valueType":"static","declaredType":"com.ibm.bpmsdk.model.coach.ConfigData","id":"0d6d0288-dab7-472b-8c13-b2b7334adecb","optionName":"colorStyle","value":"I"},{"valueType":"static","declaredType":"com.ibm.bpmsdk.model.coach.ConfigData","id":"49d843ed-ce78-4769-8649-d763eea5962d","optionName":"shapeStyle","value":"D"},{"declaredType":"com.ibm.bpmsdk.model.coach.ConfigData","id":"4863f521-64b4-4384-8619-feb549c138b6","optionName":"sizeStyle","value":"{\"isResponsiveData\":true,\"values\":[{\"deviceConfigID\":\"LargeID\",\"value\":\"S\"}]}"},{"valueType":"static","declaredType":"com.ibm.bpmsdk.model.coach.ConfigData","id":"b608d313-6fc8-4320-824f-49179cd9f742","optionName":"outline","value":"false"},{"declaredType":"com.ibm.bpmsdk.model.coach.ConfigData","id":"278c3fd2-0f2f-4b68-8145-031334851b35","optionName":"iconLocation","value":"{\"isResponsiveData\":true,\"values\":[{\"deviceConfigID\":\"LargeID\",\"value\":\"L\"}]}"},{"declaredType":"com.ibm.bpmsdk.model.coach.ConfigData","id":"f42a64c3-fe88-467c-8092-3cb4e88b1c8d","optionName":"eventON_CLICK","value":"${Stack}.setCurrentPane(2);"}],"viewUUID":"64.7133c7d4-1a54-45c8-89cd-a8e8fa4a8e36","declaredType":"com.ibm.bpmsdk.model.coach.ViewRef","id":"c70bf267-d0e7-4dbf-84e8-2946d56b0b62","version":"8550"}],"contentBoxId":"ContentBox1","declaredType":"com.ibm.bpmsdk.model.coach.ContentBoxContrib","id":"a043ad66-5bab-4f09-8c23-ddaf34bf6a86"}],"layoutItemId":"Horizontal_layout1","configData":[{"declaredType":"com.ibm.bpmsdk.model.coach.ConfigData","id":"f5beb625-1234-44bb-8d45-b0753027cdfe","optionName":"@label","value":"Horizontal layout"},{"declaredType":"com.ibm.bpmsdk.model.coach.ConfigData","id":"a49d5093-bfed-4e56-831e-26d0d5f4ce32","optionName":"@helpText","value":""},{"declaredType":"com.ibm.bpmsdk.model.coach.ConfigData","id":"63733f8b-05f6-4166-8a13-15b9dfac3ac0","optionName":"@labelVisibility","value":"SHOW"},{"declaredType":"com.ibm.bpmsdk.model.coach.ConfigData","id":"c337f721-fb42-4738-8155-b372813b61f6","optionName":"layoutFlow","value":"{\"isResponsiveData\":true,\"values\":[{\"deviceConfigID\":\"LargeID\",\"value\":\"I\"}]}"},{"declaredType":"com.ibm.bpmsdk.model.coach.ConfigData","id":"cd5cad9a-ff5b-4366-89b0-adb7672544e3","optionName":"hAlignment","value":"{\"isResponsiveData\":true,\"values\":[{\"deviceConfigID\":\"LargeID\",\"value\":\"L\"}]}"}],"viewUUID":"64.44f463cc-615b-43d0-834f-c398a82e0363","declaredType":"com.ibm.bpmsdk.model.coach.ViewRef","id":"ba1d6b6e-bcc0-461a-8d1c-6ab7ba02fcb7","version":"8550"},{"contentBoxContrib":[{"contributions":[{"contentBoxContrib":[{"contributions":[{"contentBoxContrib":[{"contributions":[{"layoutItemId":"Display_text2","configData":[{"declaredType":"com.ibm.bpmsdk.model.coach.ConfigData","id":"829a1cab-1fb6-4533-82f1-247fd68d8ad7","optionName":"labelWeightNormal","value":"{\"isResponsiveData\":true,\"values\":[{\"deviceConfigID\":\"LargeID\",\"value\":true}]}"},{"valueType":"dynamic","declaredType":"com.ibm.bpmsdk.model.coach.ConfigData","id":"c3198b6e-1fc2-4014-8638-319578f1d2e2","optionName":"@label","value":"tw.local.entryPointUseCaseLabel"},{"declaredType":"com.ibm.bpmsdk.model.coach.ConfigData","id":"698c9e0e-1202-4806-808d-4676bee9e7d8","optionName":"@helpText","value":""},{"valueType":"static","declaredType":"com.ibm.bpmsdk.model.coach.ConfigData","id":"189963cd-a0c4-4c0d-84aa-ed99b74a3cc6","optionName":"@labelVisibility","value":"SHOW"},{"declaredType":"com.ibm.bpmsdk.model.coach.ConfigData","id":"5de42553-7025-44f6-8523-9f71fd62d430","optionName":"width","value":"{\"isResponsiveData\":true,\"values\":[{\"deviceConfigID\":\"LargeID\",\"value\":\"\"}]}"},{"declaredType":"com.ibm.bpmsdk.model.coach.ConfigData","id":"c5f8675b-be84-430c-8f94-9c096c2fe15a","optionName":"sizeStyle","value":"{\"isResponsiveData\":true,\"values\":[{\"deviceConfigID\":\"LargeID\",\"value\":\"G\"}]}"},{"valueType":"static","declaredType":"com.ibm.bpmsdk.model.coach.ConfigData","id":"6cdeb6fe-3859-4c71-86c5-5c04495ef04f","optionName":"weightStyle","value":"D"},{"valueType":"static","declaredType":"com.ibm.bpmsdk.model.coach.ConfigData","id":"9271831b-863c-40ba-8e9b-46d569118b23","optionName":"colorStyle","value":""},{"declaredType":"com.ibm.bpmsdk.model.coach.ConfigData","id":"b45ac347-214d-41f8-81ef-9b69e4c29fc8","optionName":"labelPlacement","value":"{\"isResponsiveData\":true,\"values\":[{\"deviceConfigID\":\"LargeID\",\"value\":\"\"}]}"}],"viewUUID":"64.f634f22e-7800-4bd7-9f1e-87177acfb3bc","binding":"tw.local.entryPointUseCaseValue","declaredType":"com.ibm.bpmsdk.model.coach.ViewRef","id":"c41ba895-0744-4d3c-83c0-982104ca69a0","version":"8550"},{"layoutItemId":"Button5","configData":[{"valueType":"dynamic","declaredType":"com.ibm.bpmsdk.model.coach.ConfigData","id":"a56714e8-ddb0-43b7-8317-6837b014321d","optionName":"@label","value":"tw.local.overviewButtonLabel"},{"declaredType":"com.ibm.bpmsdk.model.coach.ConfigData","id":"2f51d1f8-6a24-41ea-8ce4-11d35d1d6337","optionName":"@helpText","value":""},{"declaredType":"com.ibm.bpmsdk.model.coach.ConfigData","id":"bc6fd69b-20ff-4d83-812a-38dbd016ac03","optionName":"@labelVisibility","value":"SHOW"},{"valueType":"static","declaredType":"com.ibm.bpmsdk.model.coach.ConfigData","id":"d33cfbd1-61c6-4797-8817-a1d5a0b72932","optionName":"colorStyle","value":"B"},{"valueType":"static","declaredType":"com.ibm.bpmsdk.model.coach.ConfigData","id":"ea487755-45d8-435c-8639-e973080c02b7","optionName":"preventMultipleClicks","value":"false"},{"valueType":"static","declaredType":"com.ibm.bpmsdk.model.coach.ConfigData","id":"3322585a-33b6-4c11-8ad9-ad1485197e78","optionName":"shapeStyle","value":"D"},{"declaredType":"com.ibm.bpmsdk.model.coach.ConfigData","id":"6d1a2ac5-262b-419c-8f1d-d988c6597ade","optionName":"sizeStyle","value":"{\"isResponsiveData\":true,\"values\":[{\"deviceConfigID\":\"LargeID\",\"value\":\"D\"}]}"},{"valueType":"static","declaredType":"com.ibm.bpmsdk.model.coach.ConfigData","id":"350cf8f8-25d3-4dad-80f6-cb405aad919f","optionName":"outline","value":"false"},{"declaredType":"com.ibm.bpmsdk.model.coach.ConfigData","id":"51b54f77-f20a-43f2-89ea-fcb43d84be6c","optionName":"iconLocation","value":"{\"isResponsiveData\":true,\"values\":[{\"deviceConfigID\":\"LargeID\",\"value\":\"L\"}]}"},{"declaredType":"com.ibm.bpmsdk.model.coach.ConfigData","id":"9ab889ad-772c-48cb-8c2d-cb63abcaff01","optionName":"icon","value":"{\"isResponsiveData\":true,\"values\":[{\"deviceConfigID\":\"LargeID\",\"value\":\"fa-book\"}]}"},{"declaredType":"com.ibm.bpmsdk.model.coach.ConfigData","id":"dd69eaf9-e8c4-4086-8cec-d7b297d6cf27","optionName":"eventON_CLICK","value":"${overview_modal}.show();"}],"viewUUID":"64.7133c7d4-1a54-45c8-89cd-a8e8fa4a8e36","declaredType":"com.ibm.bpmsdk.model.coach.ViewRef","id":"4d6d427e-e1ae-4267-822a-b7bda35c2e61","version":"8550"},{"contentBoxContrib":[{"contributions":[{"layoutItemId":"Image1","configData":[{"declaredType":"com.ibm.bpmsdk.model.coach.ConfigData","id":"544f1e4c-9941-422b-855f-23302c6235c0","optionName":"@label","value":"Image"},{"declaredType":"com.ibm.bpmsdk.model.coach.ConfigData","id":"36df9e9f-6394-40f2-811d-1ae8e489854c","optionName":"@helpText","value":""},{"declaredType":"com.ibm.bpmsdk.model.coach.ConfigData","id":"d5a14820-4e51-44fe-8919-00a596954423","optionName":"@labelVisibility","value":"SHOW"},{"valueType":"static","declaredType":"com.ibm.bpmsdk.model.coach.ConfigData","id":"14d8dbfd-b6d8-4cf0-84de-704d91c14f47","optionName":"radius","value":"0"},{"declaredType":"com.ibm.bpmsdk.model.coach.ConfigData","id":"5063a88a-3163-47e1-8048-9b029f37709c","optionName":"width","value":"{\"isResponsiveData\":true,\"values\":[{\"deviceConfigID\":\"LargeID\",\"value\":\"100%\"}]}"},{"declaredType":"com.ibm.bpmsdk.model.coach.ConfigData","id":"bfbf7b81-421d-42c5-84a1-e0b22e36d391","optionName":"height","value":"{\"isResponsiveData\":true,\"values\":[{\"deviceConfigID\":\"LargeID\",\"value\":\"auto\"}]}"}],"viewUUID":"64.49422be7-d203-44dc-951d-7ca4361d7b94","binding":"61.86e97a5e-3068-468a-a97e-d53e13cc135c","declaredType":"com.ibm.bpmsdk.model.coach.ViewRef","id":"f001aca6-e062-40f0-8a80-2775d8c48524","version":"8550"}],"contentBoxId":"ContentBox1","declaredType":"com.ibm.bpmsdk.model.coach.ContentBoxContrib","id":"2f4718e1-0d5b-4b69-8bca-f853639592ca"}],"layoutItemId":"Vertical_layout6","configData":[{"declaredType":"com.ibm.bpmsdk.model.coach.ConfigData","id":"17790aa3-b173-4a2c-845a-c044f79a1385","optionName":"@label","value":"Vertical layout 4"},{"declaredType":"com.ibm.bpmsdk.model.coach.ConfigData","id":"92207fc3-6593-4800-8240-3aab88464c9f","optionName":"@helpText","value":""},{"declaredType":"com.ibm.bpmsdk.model.coach.ConfigData","id":"7a1304a0-7e7f-4918-8a8f-857d95c8e0a2","optionName":"@labelVisibility","value":"SHOW"},{"declaredType":"com.ibm.bpmsdk.model.coach.ConfigData","id":"a465360b-ec7a-425e-8e9c-a7adda0c3151","optionName":"width","value":"{\"isResponsiveData\":true,\"values\":[{\"deviceConfigID\":\"LargeID\",\"value\":\"80%\"}]}"}],"viewUUID":"64.ef447b87-24a2-42a7-b2b9-cd471e9f7b67","declaredType":"com.ibm.bpmsdk.model.coach.ViewRef","id":"264deb1b-2da6-477b-86c2-e1fab074ecd6","version":"8550"}],"contentBoxId":"ContentBox1","declaredType":"com.ibm.bpmsdk.model.coach.ContentBoxContrib","id":"98ab3eb6-7e77-42a3-8433-eb05e523edfe"}],"layoutItemId":"Vertical_layout3","configData":[{"declaredType":"com.ibm.bpmsdk.model.coach.ConfigData","id":"d3f4dd49-eada-4621-8778-635cb51e9391","optionName":"@label","value":"Storyboard"},{"declaredType":"com.ibm.bpmsdk.model.coach.ConfigData","id":"ce52ebd8-b58b-4d9d-8b55-5f6127da12b2","optionName":"@helpText","value":""},{"declaredType":"com.ibm.bpmsdk.model.coach.ConfigData","id":"5d436563-d3e6-4552-8bb5-710a4d1fa32a","optionName":"@labelVisibility","value":"SHOW"},{"declaredType":"com.ibm.bpmsdk.model.coach.ConfigData","id":"b0c60f45-f85a-4143-8852-d1c12f1952fe","optionName":"hAlignment","value":"{\"isResponsiveData\":true,\"values\":[{\"deviceConfigID\":\"LargeID\",\"value\":\"C\"}]}"}],"viewUUID":"64.ef447b87-24a2-42a7-b2b9-cd471e9f7b67","declaredType":"com.ibm.bpmsdk.model.coach.ViewRef","id":"1795b639-7c8a-4b8b-8758-30b82990f4d6","version":"8550"},{"contentBoxContrib":[{"contributions":[{"layoutItemId":"Image2","configData":[{"declaredType":"com.ibm.bpmsdk.model.coach.ConfigData","id":"af278ca2-858b-4de1-8b12-3ec3a38bd0da","optionName":"@label","value":"Image 2"},{"declaredType":"com.ibm.bpmsdk.model.coach.ConfigData","id":"5d85d16a-687a-432c-8a03-de9f404aa0a4","optionName":"@helpText","value":""},{"declaredType":"com.ibm.bpmsdk.model.coach.ConfigData","id":"54cbd6dd-0158-4c2b-8920-abb9a0be3e51","optionName":"@labelVisibility","value":"SHOW"}],"viewUUID":"64.49422be7-d203-44dc-951d-7ca4361d7b94","binding":"61.2da6625d-6c96-433d-88e7-4c3f3fb0c389","declaredType":"com.ibm.bpmsdk.model.coach.ViewRef","id":"7f96aa8f-4c01-4d2c-8470-0a2fda116d64","version":"8550"}],"contentBoxId":"ContentBox1","declaredType":"com.ibm.bpmsdk.model.coach.ContentBoxContrib","id":"964bc37f-c7d5-4de2-8b38-24f5f021f839"}],"layoutItemId":"Vertical_layout7","configData":[{"declaredType":"com.ibm.bpmsdk.model.coach.ConfigData","id":"8add77bb-42be-4a29-8802-a4402cd4930c","optionName":"@label","value":"Discovery Map"},{"declaredType":"com.ibm.bpmsdk.model.coach.ConfigData","id":"1a9fd9bc-450d-4ae6-8b17-b0a949e4e98c","optionName":"@helpText","value":""},{"declaredType":"com.ibm.bpmsdk.model.coach.ConfigData","id":"4085ead3-f9de-49e1-8a87-1ba7ca204eb2","optionName":"@labelVisibility","value":"SHOW"},{"declaredType":"com.ibm.bpmsdk.model.coach.ConfigData","id":"38edde67-37f7-46b5-88b7-d20f0bc3b469","optionName":"hAlignment","value":"{\"isResponsiveData\":true,\"values\":[{\"deviceConfigID\":\"LargeID\",\"value\":\"C\"}]}"}],"viewUUID":"64.ef447b87-24a2-42a7-b2b9-cd471e9f7b67","declaredType":"com.ibm.bpmsdk.model.coach.ViewRef","id":"f86b0174-010c-46d7-8bb7-8ce5dcaca4ac","version":"8550"},{"contentBoxContrib":[{"contributions":[{"layoutItemId":"Display_text6","configData":[{"declaredType":"com.ibm.bpmsdk.model.coach.ConfigData","id":"39f67216-68cc-4602-853c-5b48eaf048ee","optionName":"labelWeightNormal","value":"{\"isResponsiveData\":true,\"values\":[{\"deviceConfigID\":\"LargeID\",\"value\":true}]}"},{"valueType":"dynamic","declaredType":"com.ibm.bpmsdk.model.coach.ConfigData","id":"a6b39772-502c-4e38-81bb-910ebade1136","optionName":"@label","value":"tw.local.demoInterfacesLabel"},{"declaredType":"com.ibm.bpmsdk.model.coach.ConfigData","id":"7d8de36d-b51c-4ee4-843c-70d9d3afef85","optionName":"@helpText","value":""},{"valueType":"static","declaredType":"com.ibm.bpmsdk.model.coach.ConfigData","id":"eaed113a-f0cf-4593-8f13-0c2a883c00ef","optionName":"@labelVisibility","value":"SHOW"},{"declaredType":"com.ibm.bpmsdk.model.coach.ConfigData","id":"e263a29a-620c-457f-84e2-b9e92514aa67","optionName":"sizeStyle","value":"{\"isResponsiveData\":true,\"values\":[{\"deviceConfigID\":\"LargeID\",\"value\":\"X\"}]}"},{"declaredType":"com.ibm.bpmsdk.model.coach.ConfigData","id":"1d1eeec1-3588-438c-866d-afdddc3cea5f","optionName":"width","value":"{\"isResponsiveData\":true,\"values\":[{\"deviceConfigID\":\"LargeID\",\"value\":\"\"}]}"},{"valueType":"static","declaredType":"com.ibm.bpmsdk.model.coach.ConfigData","id":"c12fdbb6-6e7e-4ce6-843d-d336bd3d07ce","optionName":"weightStyle","value":"B"},{"valueType":"static","declaredType":"com.ibm.bpmsdk.model.coach.ConfigData","id":"49ee4381-3c4f-4d91-8b19-86ddd9f2d1fd","optionName":"colorStyle","value":""},{"declaredType":"com.ibm.bpmsdk.model.coach.ConfigData","id":"1055cfa5-ea80-4046-80e3-cf74a04ab014","optionName":"labelPlacement","value":"{\"isResponsiveData\":true,\"values\":[{\"deviceConfigID\":\"LargeID\",\"value\":\"\"}]}"}],"viewUUID":"64.f634f22e-7800-4bd7-9f1e-87177acfb3bc","binding":"","declaredType":"com.ibm.bpmsdk.model.coach.ViewRef","id":"026c08f4-4663-4ac6-8290-9c4d5059d4e9","version":"8550"},{"contentBoxContrib":[{"contributions":[{"contentBoxContrib":[{"contributions":[{"layoutItemId":"Image4","configData":[{"declaredType":"com.ibm.bpmsdk.model.coach.ConfigData","id":"371cabfd-5bc7-4e16-8750-fa1729a3862a","optionName":"@label","value":"Image 3"},{"declaredType":"com.ibm.bpmsdk.model.coach.ConfigData","id":"a3413ddb-6124-49d7-8631-1068835de028","optionName":"@helpText","value":""},{"declaredType":"com.ibm.bpmsdk.model.coach.ConfigData","id":"7ac6f41f-26b3-43be-8186-14fbdf2825b0","optionName":"@labelVisibility","value":"SHOW"},{"valueType":"static","declaredType":"com.ibm.bpmsdk.model.coach.ConfigData","id":"8b067287-ba80-4d49-875a-642d2568db71","optionName":"radius","value":"0px"},{"declaredType":"com.ibm.bpmsdk.model.coach.ConfigData","id":"f7ddc9eb-a7aa-46ea-826e-6d84ee0641b7","optionName":"width","value":"{\"isResponsiveData\":true,\"values\":[{\"deviceConfigID\":\"LargeID\",\"value\":\"250px\"}]}"},{"declaredType":"com.ibm.bpmsdk.model.coach.ConfigData","id":"ba80af8d-a211-49ed-844a-ff19e580f5a7","optionName":"height","value":"{\"isResponsiveData\":true,\"values\":[{\"deviceConfigID\":\"LargeID\",\"value\":\"250px\"}]}"},{"declaredType":"com.ibm.bpmsdk.model.coach.ConfigData","id":"1904c1c5-8174-4264-83b8-9d57b4416e0d","optionName":"eventON_CLICK","value":"var fullHostname = window.location.hostname;\n\n// Check SaaS or non-SaaS (assume ROKS)\nvar index1 = fullHostname.search(\"automationcloud.ibm.com\");\nvar index2 = fullHostname.search(\"blueworkscloud.com\");\n// Check PBK or BAN environment\nvar index3 = fullHostname.search(\"pbk\");\n\nif ((index1 != -1) || (index2 != -1)) { //SaaS\n\tif (index3 != -1) {\n\t\tvar tenantHostname = fullHostname.substring(11);\n\t}\n\telse {\n\t\tvar tenantHostname = fullHostname.substring(17);\n\t}\n\tvar saasURL = new URL('https://demo-emea-02.automationcloud.ibm.com/dba/run/navigator/');\n\tsaasURL.hostname = tenantHostname;\n\twindow.open(saasURL);\n}\nelse { // non-SaaS (assume ROKS)\n\tif (index3 != -1) {\n\t\tvar tenantHostname = fullHostname.substring(7);\n\t}\n\telse {\n\t\tvar tenantHostname = fullHostname.substring(3);\n\t}\n\twindow.open(\"https://navigator-\"+tenantHostname+\"/navigator/\");\n}\n"}],"viewUUID":"64.49422be7-d203-44dc-951d-7ca4361d7b94","binding":"61.25039d5c-ee9b-43b6-bfc2-37c38d9d9dcf","declaredType":"com.ibm.bpmsdk.model.coach.ViewRef","id":"efd393b6-3e95-4323-8e5f-f4fe67dbd3ee","version":"8550"},{"layoutItemId":"Display_text7","configData":[{"declaredType":"com.ibm.bpmsdk.model.coach.ConfigData","id":"685511f9-0724-468c-828d-0cbb7a203e9f","optionName":"labelWeightNormal","value":"{\"isResponsiveData\":true,\"values\":[{\"deviceConfigID\":\"LargeID\",\"value\":true}]}"},{"declaredType":"com.ibm.bpmsdk.model.coach.ConfigData","id":"09d64882-d057-4f47-8810-42c31e78aaec","optionName":"@label","value":"This is placeholder text"},{"declaredType":"com.ibm.bpmsdk.model.coach.ConfigData","id":"5ee213f1-eb88-4156-8aa2-aedf7c66f69a","optionName":"@helpText","value":""},{"declaredType":"com.ibm.bpmsdk.model.coach.ConfigData","id":"f2167ca9-345f-4974-8bde-731be7459531","optionName":"@labelVisibility","value":"HIDE"},{"declaredType":"com.ibm.bpmsdk.model.coach.ConfigData","id":"039cb124-9f03-44d9-80e8-be784f02e0e1","optionName":"width","value":"{\"isResponsiveData\":true,\"values\":[{\"deviceConfigID\":\"LargeID\",\"value\":\"\"}]}"},{"declaredType":"com.ibm.bpmsdk.model.coach.ConfigData","id":"9b2faae9-636f-4d6e-862e-bb3c48d1149b","optionName":"sizeStyle","value":"{\"isResponsiveData\":true,\"values\":[{\"deviceConfigID\":\"LargeID\",\"value\":\"G\"}]}"},{"valueType":"static","declaredType":"com.ibm.bpmsdk.model.coach.ConfigData","id":"3955a82f-89b2-4ff0-865b-5cadb3d153b8","optionName":"weightStyle","value":"D"},{"valueType":"static","declaredType":"com.ibm.bpmsdk.model.coach.ConfigData","id":"0843a4bb-b73a-4a19-8ede-4503a3292e55","optionName":"colorStyle","value":""},{"declaredType":"com.ibm.bpmsdk.model.coach.ConfigData","id":"ca9b70ae-3da0-40a8-8b54-5f186870913d","optionName":"labelPlacement","value":"{\"isResponsiveData\":true,\"values\":[{\"deviceConfigID\":\"LargeID\",\"value\":\"\"}]}"},{"declaredType":"com.ibm.bpmsdk.model.coach.ConfigData","id":"33435260-c916-4de2-8a91-65816a327533","optionName":"allowHTML","value":"true"}],"viewUUID":"64.f634f22e-7800-4bd7-9f1e-87177acfb3bc","binding":"tw.local.persona1Name","declaredType":"com.ibm.bpmsdk.model.coach.ViewRef","id":"0fac8af6-593f-444b-8da7-f1d6291bff9b","version":"8550"}],"contentBoxId":"ContentBox1","declaredType":"com.ibm.bpmsdk.model.coach.ContentBoxContrib","id":"d14b3c5f-72e0-40f9-8e78-46fb14d6d370"}],"layoutItemId":"Vertical_layout10","configData":[{"declaredType":"com.ibm.bpmsdk.model.coach.ConfigData","id":"20822085-ddaa-406a-87dc-af3573817793","optionName":"@label","value":"Vertical layout 5"},{"declaredType":"com.ibm.bpmsdk.model.coach.ConfigData","id":"ed306df2-de89-4280-8207-da439f8e8ea6","optionName":"@helpText","value":""},{"declaredType":"com.ibm.bpmsdk.model.coach.ConfigData","id":"d81f9eab-6762-4041-8944-272c72fa9c79","optionName":"@labelVisibility","value":"SHOW"},{"declaredType":"com.ibm.bpmsdk.model.coach.ConfigData","id":"7a72adee-4fa2-437e-84c2-3022affc7189","optionName":"hAlignment","value":"{\"isResponsiveData\":true,\"values\":[{\"deviceConfigID\":\"LargeID\",\"value\":\"C\"}]}"},{"declaredType":"com.ibm.bpmsdk.model.coach.ConfigData","id":"f2f3fef3-ab6f-43ec-852e-13b907bdd053","optionName":"layoutFlow","value":"{\"isResponsiveData\":true,\"values\":[{\"deviceConfigID\":\"LargeID\",\"value\":\"Y\"}]}"}],"viewUUID":"64.ef447b87-24a2-42a7-b2b9-cd471e9f7b67","declaredType":"com.ibm.bpmsdk.model.coach.ViewRef","id":"35e97943-2416-4847-8a1c-b177c8271a8c","version":"8550"},{"contentBoxContrib":[{"contributions":[{"layoutItemId":"Image5","configData":[{"declaredType":"com.ibm.bpmsdk.model.coach.ConfigData","id":"d6dec016-e704-4601-85c8-34a83db1017e","optionName":"@label","value":"Image 3"},{"declaredType":"com.ibm.bpmsdk.model.coach.ConfigData","id":"7b775846-c56b-4307-8b0c-d16ad89d442d","optionName":"@helpText","value":""},{"declaredType":"com.ibm.bpmsdk.model.coach.ConfigData","id":"deb41e1a-134f-4c2a-81e7-82b8abe6b452","optionName":"@labelVisibility","value":"SHOW"},{"valueType":"static","declaredType":"com.ibm.bpmsdk.model.coach.ConfigData","id":"66b640b9-cdf6-4c01-8dd8-374d0aaa3b95","optionName":"radius","value":"0"},{"declaredType":"com.ibm.bpmsdk.model.coach.ConfigData","id":"28fade5f-40ee-44c5-8a90-ab051b788b62","optionName":"width","value":"{\"isResponsiveData\":true,\"values\":[{\"deviceConfigID\":\"LargeID\",\"value\":\"250px\"}]}"},{"declaredType":"com.ibm.bpmsdk.model.coach.ConfigData","id":"a2b7d8a6-0f2e-476d-83b0-5cbc4abe3b6c","optionName":"height","value":"{\"isResponsiveData\":true,\"values\":[{\"deviceConfigID\":\"LargeID\",\"value\":\"250px\"}]}"}],"viewUUID":"64.49422be7-d203-44dc-951d-7ca4361d7b94","binding":"61.855d2b0e-49c4-484c-9cf1-4f450a5ec2db","declaredType":"com.ibm.bpmsdk.model.coach.ViewRef","id":"8d117a75-cd08-4514-8cc3-4d59311c7e21","version":"8550"},{"layoutItemId":"Display_text8","configData":[{"declaredType":"com.ibm.bpmsdk.model.coach.ConfigData","id":"45340d4a-d360-4f7e-8d73-da569e0177e0","optionName":"labelWeightNormal","value":"{\"isResponsiveData\":true,\"values\":[{\"deviceConfigID\":\"LargeID\",\"value\":true}]}"},{"declaredType":"com.ibm.bpmsdk.model.coach.ConfigData","id":"16e21e6b-a24a-4655-8b7e-55dffd922809","optionName":"@label","value":"This is placeholder text"},{"declaredType":"com.ibm.bpmsdk.model.coach.ConfigData","id":"d2c69ce8-1d5d-4a64-8781-96d09b5a4f5f","optionName":"@helpText","value":""},{"valueType":"static","declaredType":"com.ibm.bpmsdk.model.coach.ConfigData","id":"f07fbab4-d9e9-4b65-8d3e-ff0994b04bc0","optionName":"@labelVisibility","value":"HIDE"},{"declaredType":"com.ibm.bpmsdk.model.coach.ConfigData","id":"081db463-15e7-4312-8667-c137cb3d28b1","optionName":"width","value":"{\"isResponsiveData\":true,\"values\":[{\"deviceConfigID\":\"LargeID\",\"value\":\"\"}]}"},{"declaredType":"com.ibm.bpmsdk.model.coach.ConfigData","id":"924577be-fd96-4349-8bda-5368e8fa659d","optionName":"sizeStyle","value":"{\"isResponsiveData\":true,\"values\":[{\"deviceConfigID\":\"LargeID\",\"value\":\"G\"}]}"},{"valueType":"static","declaredType":"com.ibm.bpmsdk.model.coach.ConfigData","id":"5d1682dc-dccc-4ed2-855a-aee9ab9c0304","optionName":"weightStyle","value":"D"},{"valueType":"static","declaredType":"com.ibm.bpmsdk.model.coach.ConfigData","id":"50b1be1c-a99c-4aa5-8ea3-a48f85c2c125","optionName":"colorStyle","value":""},{"declaredType":"com.ibm.bpmsdk.model.coach.ConfigData","id":"4b0a26e0-bec7-42e0-8de4-487045ce626d","optionName":"labelPlacement","value":"{\"isResponsiveData\":true,\"values\":[{\"deviceConfigID\":\"LargeID\",\"value\":\"\"}]}"},{"declaredType":"com.ibm.bpmsdk.model.coach.ConfigData","id":"a75fd719-776f-46a6-8888-35d13aa16eea","optionName":"allowHTML","value":"true"}],"viewUUID":"64.f634f22e-7800-4bd7-9f1e-87177acfb3bc","binding":"tw.local.persona2Name","declaredType":"com.ibm.bpmsdk.model.coach.ViewRef","id":"a22a2636-df8a-406e-897f-9b692931da7f","version":"8550"}],"contentBoxId":"ContentBox1","declaredType":"com.ibm.bpmsdk.model.coach.ContentBoxContrib","id":"68c53761-3d8e-4238-8dd7-7e51ca3c1514"}],"layoutItemId":"Vertical_layout11","configData":[{"declaredType":"com.ibm.bpmsdk.model.coach.ConfigData","id":"7710edc7-5489-4c91-8304-e2a1542fd57c","optionName":"@label","value":"Vertical layout 5"},{"declaredType":"com.ibm.bpmsdk.model.coach.ConfigData","id":"10640f20-6f07-4456-8516-4e746670de98","optionName":"@helpText","value":""},{"declaredType":"com.ibm.bpmsdk.model.coach.ConfigData","id":"32f3b023-9076-4f89-832e-e8233adddc33","optionName":"@labelVisibility","value":"SHOW"},{"declaredType":"com.ibm.bpmsdk.model.coach.ConfigData","id":"a83c9e43-fed5-46d8-8d11-8877449ef5ae","optionName":"hAlignment","value":"{\"isResponsiveData\":true,\"values\":[{\"deviceConfigID\":\"LargeID\",\"value\":\"C\"}]}"},{"declaredType":"com.ibm.bpmsdk.model.coach.ConfigData","id":"a1dabd10-d340-466c-8118-2fc749455416","optionName":"layoutFlow","value":"{\"isResponsiveData\":true,\"values\":[{\"deviceConfigID\":\"LargeID\",\"value\":\"Y\"}]}"}],"viewUUID":"64.ef447b87-24a2-42a7-b2b9-cd471e9f7b67","declaredType":"com.ibm.bpmsdk.model.coach.ViewRef","id":"bc5f1de1-0cb6-4b3d-8fa9-969e6b238b30","version":"8550"}],"contentBoxId":"ContentBox1","declaredType":"com.ibm.bpmsdk.model.coach.ContentBoxContrib","id":"26a75afa-0388-4eaf-8024-95ca203119c7"}],"layoutItemId":"Horizontal_layout4","configData":[{"declaredType":"com.ibm.bpmsdk.model.coach.ConfigData","id":"8d921ea0-69cd-4c65-88a7-0d79b639650e","optionName":"@label","value":"Horizontal layout 4"},{"declaredType":"com.ibm.bpmsdk.model.coach.ConfigData","id":"1202a7f9-58ff-4bf9-84fe-53fc039b7fdf","optionName":"@helpText","value":""},{"declaredType":"com.ibm.bpmsdk.model.coach.ConfigData","id":"1e4e3752-c89f-49aa-8945-411fc836f0b3","optionName":"@labelVisibility","value":"SHOW"}],"viewUUID":"64.44f463cc-615b-43d0-834f-c398a82e0363","declaredType":"com.ibm.bpmsdk.model.coach.ViewRef","id":"536822cb-cebf-4dec-8b16-bb2dd6c78026","version":"8550"}],"contentBoxId":"ContentBox1","declaredType":"com.ibm.bpmsdk.model.coach.ContentBoxContrib","id":"ba67307a-ed90-43bf-8384-4e28baa01c29"}],"layoutItemId":"Vertical_layout9","configData":[{"declaredType":"com.ibm.bpmsdk.model.coach.ConfigData","id":"6c321ec0-1b4a-41d8-8c63-3e567221386a","optionName":"@label","value":"Run the demo!"},{"declaredType":"com.ibm.bpmsdk.model.coach.ConfigData","id":"557f88f6-3fef-4631-857e-919f8a638421","optionName":"@helpText","value":""},{"declaredType":"com.ibm.bpmsdk.model.coach.ConfigData","id":"58f6c2ef-6f83-4d7a-8528-4ca4f145a3f7","optionName":"@labelVisibility","value":"SHOW"}],"viewUUID":"64.ef447b87-24a2-42a7-b2b9-cd471e9f7b67","declaredType":"com.ibm.bpmsdk.model.coach.ViewRef","id":"c3927783-4aa2-4d6f-8703-d43c9b0bae8d","version":"8550"}],"contentBoxId":"ContentBox1","declaredType":"com.ibm.bpmsdk.model.coach.ContentBoxContrib","id":"392ac60a-1e8c-4c60-8070-8b2f322eb739"}],"layoutItemId":"Stack","configData":[{"declaredType":"com.ibm.bpmsdk.model.coach.ConfigData","id":"2615e6f7-0b39-4623-8af6-71af907eeac3","optionName":"@label","value":"Stack"},{"declaredType":"com.ibm.bpmsdk.model.coach.ConfigData","id":"6fd7520a-4d2e-4565-856c-28cf5a8d26a5","optionName":"@helpText","value":""},{"declaredType":"com.ibm.bpmsdk.model.coach.ConfigData","id":"d959278d-8d4a-401d-84ba-d3e1770078bd","optionName":"@labelVisibility","value":"SHOW"}],"viewUUID":"64.05d9d0b5-0423-4ab6-b16c-e3554dfaf4a6","declaredType":"com.ibm.bpmsdk.model.coach.ViewRef","id":"312ef440-0580-4763-8145-ccab3ccf64b0","version":"8550"}],"contentBoxId":"ContentBox1","declaredType":"com.ibm.bpmsdk.model.coach.ContentBoxContrib","id":"719bcb44-c121-458f-8445-ef69d09c8c2b"}],"layoutItemId":"Vertical_layout2","configData":[{"declaredType":"com.ibm.bpmsdk.model.coach.ConfigData","id":"a667fb1b-d80e-4622-8b00-28eaf428c84e","optionName":"@label","value":"Vertical layout 2"},{"declaredType":"com.ibm.bpmsdk.model.coach.ConfigData","id":"af6860a0-1e41-408a-8197-4481266b9593","optionName":"@helpText","value":""},{"declaredType":"com.ibm.bpmsdk.model.coach.ConfigData","id":"7fea6b50-9744-4f9d-8d33-3eab50d198f5","optionName":"@labelVisibility","value":"SHOW"}],"viewUUID":"64.ef447b87-24a2-42a7-b2b9-cd471e9f7b67","declaredType":"com.ibm.bpmsdk.model.coach.ViewRef","id":"a1905fd0-2b97-4fee-84b7-c79d6f50ca00","version":"8550"},{"layoutItemId":"Spacer1","configData":[{"declaredType":"com.ibm.bpmsdk.model.coach.ConfigData","id":"22378446-a432-46ca-850c-8626412086e0","optionName":"@label","value":"Spacer"},{"declaredType":"com.ibm.bpmsdk.model.coach.ConfigData","id":"4b98d33f-e64c-49d9-84d8-bef2ad58373f","optionName":"@helpText","value":""},{"declaredType":"com.ibm.bpmsdk.model.coach.ConfigData","id":"9ea411ce-7610-4a8b-8bf4-698617b3be94","optionName":"@labelVisibility","value":"SHOW"},{"declaredType":"com.ibm.bpmsdk.model.coach.ConfigData","id":"9fc9b37c-f714-4c3c-8572-a57b7128c2a6","optionName":"height","value":"{\"isResponsiveData\":true,\"values\":[{\"deviceConfigID\":\"LargeID\",\"value\":\"40px\"}]}"}],"viewUUID":"64.71b97b55-fda9-48e8-b21b-58fb4e85ca10","declaredType":"com.ibm.bpmsdk.model.coach.ViewRef","id":"fa6192f1-36e5-48cb-8219-4e5de3218e6f","version":"8550"},{"contentBoxContrib":[{"contributions":[{"layoutItemId":"Display_text1","configData":[{"declaredType":"com.ibm.bpmsdk.model.coach.ConfigData","id":"25034ec0-d1e5-476c-8a0f-c97d003d9f37","optionName":"labelWeightNormal","value":"true"},{"valueType":"static","declaredType":"com.ibm.bpmsdk.model.coach.ConfigData","id":"52547230-5173-4e06-8bea-7f71df5be66b","optionName":"@label","value":"Demo control"},{"declaredType":"com.ibm.bpmsdk.model.coach.ConfigData","id":"447e6a41-7207-45d2-8f0d-31b2983d8a0a","optionName":"@helpText","value":""},{"declaredType":"com.ibm.bpmsdk.model.coach.ConfigData","id":"e7698520-ab09-4ba8-8086-9d7932681cd3","optionName":"@labelVisibility","value":"SHOW"},{"declaredType":"com.ibm.bpmsdk.model.coach.ConfigData","id":"53040523-c66f-4f4e-8707-08846f4212fc","optionName":"sizeStyle","value":"{\"isResponsiveData\":true,\"values\":[{\"deviceConfigID\":\"LargeID\",\"value\":\"L\"}]}"}],"viewUUID":"64.f634f22e-7800-4bd7-9f1e-87177acfb3bc","declaredType":"com.ibm.bpmsdk.model.coach.ViewRef","id":"45da0ccb-1fff-4c23-879c-e8bb42c028b5","version":"8550"},{"layoutItemId":"Switch1","configData":[{"declaredType":"com.ibm.bpmsdk.model.coach.ConfigData","id":"efffe835-9dc3-449f-8147-3ba624d99630","optionName":"@label","value":"Switch"},{"declaredType":"com.ibm.bpmsdk.model.coach.ConfigData","id":"e44d50c3-ff0c-447f-821b-4032bfbbb885","optionName":"@helpText","value":""},{"declaredType":"com.ibm.bpmsdk.model.coach.ConfigData","id":"b287981e-a657-4356-8501-30039821f656","optionName":"@labelVisibility","value":"SHOW"}],"viewUUID":"64.bff9f5ff-fea4-4a70-87a5-769301740798","declaredType":"com.ibm.bpmsdk.model.coach.ViewRef","id":"3c36e7e8-5460-4267-81ce-35933de36f77","version":"8550"}],"contentBoxId":"ContentBox1","declaredType":"com.ibm.bpmsdk.model.coach.ContentBoxContrib","id":"2ac6fb4f-b19c-4406-8db1-a58db3c9f6bf"}],"layoutItemId":"ControlPanel","configData":[{"valueType":"static","declaredType":"com.ibm.bpmsdk.model.coach.ConfigData","id":"b5d3b4e7-7346-4c8a-8ed3-d9d0e22ff97f","optionName":"@label","value":"Control Panel"},{"declaredType":"com.ibm.bpmsdk.model.coach.ConfigData","id":"0242439d-f403-4028-8f33-653207e5f539","optionName":"@helpText","value":""},{"declaredType":"com.ibm.bpmsdk.model.coach.ConfigData","id":"2a7e8285-60c6-449a-886c-3c25ff7e2e7a","optionName":"@labelVisibility","value":"SHOW"},{"valueType":"static","declaredType":"com.ibm.bpmsdk.model.coach.ConfigData","id":"d6cfa7a3-6adc-4b57-841d-f970044a715e","optionName":"colorStyle","value":"D"},{"declaredType":"com.ibm.bpmsdk.model.coach.ConfigData","id":"f5d501e1-5fb5-4d5c-8e1c-63a8699aa290","optionName":"width","value":"{\"isResponsiveData\":true,\"values\":[{\"deviceConfigID\":\"LargeID\",\"value\":\"auto\"}]}"},{"declaredType":"com.ibm.bpmsdk.model.coach.ConfigData","id":"8992248f-8c2f-4521-8ff3-def40b21d5f1","optionName":"initiallyCollapsed","value":"true"}],"viewUUID":"64.aa70e5b9-aade-4334-b92d-1fb5e61f4b0a","declaredType":"com.ibm.bpmsdk.model.coach.ViewRef","id":"4c29064e-9ac2-49c2-85c1-272683e2ceb9","version":"8550"},{"layoutItemId":"Well1","configData":[{"declaredType":"com.ibm.bpmsdk.model.coach.ConfigData","id":"3fd8b8ee-6141-4d96-85db-f4761847c039","optionName":"@label","value":"Well"},{"declaredType":"com.ibm.bpmsdk.model.coach.ConfigData","id":"334b069d-cbfe-4fc1-839f-e5361549197a","optionName":"@helpText","value":""},{"declaredType":"com.ibm.bpmsdk.model.coach.ConfigData","id":"e51f1b27-42ce-4165-8ccd-8216998732ef","optionName":"@labelVisibility","value":"SHOW"},{"declaredType":"com.ibm.bpmsdk.model.coach.ConfigData","id":"7d2ac725-0b9e-4096-8f98-47921c3a3950","optionName":"height","value":"{\"isResponsiveData\":true,\"values\":[{\"deviceConfigID\":\"LargeID\",\"value\":\"40px\"}]}"},{"declaredType":"com.ibm.bpmsdk.model.coach.ConfigData","id":"4e8002e2-69e0-4e2d-83ab-ed697bbfd303","optionName":"eventON_CLICK","value":"if (${ControlPanel}.isVisible()) ${ControlPanel}.setVisible(false, true);\nelse ${ControlPanel}.setVisible(true, false);"}],"viewUUID":"64.64ae2c6c-6c21-491c-b5ab-c58848dd9e48","declaredType":"com.ibm.bpmsdk.model.coach.ViewRef","id":"9cca3fc9-542d-4f77-8d0d-6c2b95d9c639","version":"8550"},{"layoutItemId":"Footer1","configData":[{"valueType":"static","declaredType":"com.ibm.bpmsdk.model.coach.ConfigData","id":"1628fd71-dbef-4b34-8675-a5b710b321ba","optionName":"@label","value":"©IBM, 2021"},{"declaredType":"com.ibm.bpmsdk.model.coach.ConfigData","id":"882fe51d-167c-4d1d-8389-883b079d3b24","optionName":"@helpText","value":""},{"declaredType":"com.ibm.bpmsdk.model.coach.ConfigData","id":"c4cf8881-549d-412f-82b3-61a5e7a867e3","optionName":"@labelVisibility","value":"SHOW"}],"viewUUID":"64.74c4e372-b4e2-4610-b8c8-f6f11fb1227f","declaredType":"com.ibm.bpmsdk.model.coach.ViewRef","id":"6610f7a9-460d-4872-85be-77eb57ee3c22","version":"8550"},{"contentBoxContrib":[{"contributions":[{"contentBoxContrib":[{"contributions":[{"contentBoxContrib":[{"contributions":[{"layoutItemId":"Display_text3","configData":[{"declaredType":"com.ibm.bpmsdk.model.coach.ConfigData","id":"69cd6a63-37c3-4bdb-85bc-67f7f1a86ec7","optionName":"labelWeightNormal","value":"{\"isResponsiveData\":true,\"values\":[]}"},{"valueType":"dynamic","declaredType":"com.ibm.bpmsdk.model.coach.ConfigData","id":"b10acdca-aeb4-43dc-87a8-095066fcf4ff","optionName":"@label","value":"tw.local.overviewButtonLabel"},{"declaredType":"com.ibm.bpmsdk.model.coach.ConfigData","id":"a2f036e7-e860-4a58-8bb3-f2620ece3d3a","optionName":"@helpText","value":""},{"declaredType":"com.ibm.bpmsdk.model.coach.ConfigData","id":"5edb2c57-8420-45a8-802d-4395a99e407b","optionName":"@labelVisibility","value":"SHOW"},{"declaredType":"com.ibm.bpmsdk.model.coach.ConfigData","id":"d550e97f-e1b2-4b70-87bd-2ae665a40387","optionName":"width","value":"{\"isResponsiveData\":true,\"values\":[{\"deviceConfigID\":\"LargeID\",\"value\":\"\"}]}"},{"declaredType":"com.ibm.bpmsdk.model.coach.ConfigData","id":"706c86a4-05bb-4620-818c-f028c4c46b41","optionName":"sizeStyle","value":"{\"isResponsiveData\":true,\"values\":[{\"deviceConfigID\":\"LargeID\",\"value\":\"L\"}]}"},{"valueType":"static","declaredType":"com.ibm.bpmsdk.model.coach.ConfigData","id":"e9ce1e99-95c9-4171-8f82-0907bab01da1","optionName":"weightStyle","value":"D"},{"valueType":"static","declaredType":"com.ibm.bpmsdk.model.coach.ConfigData","id":"bcd8f9f3-86e3-4501-8a56-5960ef0873d7","optionName":"colorStyle","value":""},{"declaredType":"com.ibm.bpmsdk.model.coach.ConfigData","id":"7fa4ae3c-96f6-460c-8799-0c5db52205c8","optionName":"labelPlacement","value":"{\"isResponsiveData\":true,\"values\":[{\"deviceConfigID\":\"LargeID\",\"value\":\"T\"}]}"},{"declaredType":"com.ibm.bpmsdk.model.coach.ConfigData","id":"5599bba2-a246-4c2c-83dd-29a874a41fea","optionName":"allowHTML","value":"true"},{"declaredType":"com.ibm.bpmsdk.model.coach.ConfigData","id":"76ba56e7-f28f-4090-877b-1566c27d780f","optionName":"textAlignment","value":"{\"isResponsiveData\":true,\"values\":[{\"deviceConfigID\":\"LargeID\",\"value\":\"C\"}]}"}],"viewUUID":"64.f634f22e-7800-4bd7-9f1e-87177acfb3bc","binding":"","declaredType":"com.ibm.bpmsdk.model.coach.ViewRef","id":"b2e0d1bf-60c5-4119-8bbe-fc73b3a67c71","version":"8550"},{"layoutItemId":"CustomHTML1","configData":[{"declaredType":"com.ibm.bpmsdk.model.coach.ConfigData","id":"6a216500-cf5c-4950-8736-98842226f214","optionName":"@customHTML.contentType","value":"VARIABLE"},{"declaredType":"com.ibm.bpmsdk.model.coach.ConfigData","id":"b2f899ad-24ea-4a2d-8206-030852c1d8c8","optionName":"@customHTML.variableContent","value":"tw.local.entryPointUseCaseOverview"}],"declaredType":"com.ibm.bpmsdk.model.coach.CustomHTML","id":"07c66714-68c1-42a7-8a67-39ca245c8b8d","version":"8550"}],"contentBoxId":"ContentBox1","declaredType":"com.ibm.bpmsdk.model.coach.ContentBoxContrib","id":"d4b502bc-3880-4fb4-84e0-5cf16da11383"}],"layoutItemId":"Horizontal_layout2","configData":[{"declaredType":"com.ibm.bpmsdk.model.coach.ConfigData","id":"eeef8b2f-6ad0-43ce-8b4d-031e34f650aa","optionName":"@label","value":"Horizontal layout 2"},{"declaredType":"com.ibm.bpmsdk.model.coach.ConfigData","id":"34657617-43e6-4c86-8905-c2dd9bea6982","optionName":"@helpText","value":""},{"declaredType":"com.ibm.bpmsdk.model.coach.ConfigData","id":"4654ad89-47d0-4334-86db-89ee6880a5b3","optionName":"@labelVisibility","value":"SHOW"},{"declaredType":"com.ibm.bpmsdk.model.coach.ConfigData","id":"1d7b32c7-b767-47bd-83a8-b133e2dafacc","optionName":"hAlignment","value":"{\"isResponsiveData\":true,\"values\":[{\"deviceConfigID\":\"LargeID\",\"value\":\"C\"}]}"}],"viewUUID":"64.ef447b87-24a2-42a7-b2b9-cd471e9f7b67","declaredType":"com.ibm.bpmsdk.model.coach.ViewRef","id":"048bc35d-4e55-457b-8a72-b8416365b038","version":"8550"},{"layoutItemId":"Horizontal_line1","configData":[{"declaredType":"com.ibm.bpmsdk.model.coach.ConfigData","id":"28ed10eb-bd82-45e2-84c1-0143a7c8125d","optionName":"@label","value":"Horizontal line"},{"declaredType":"com.ibm.bpmsdk.model.coach.ConfigData","id":"ccd278bf-f7c1-4739-814c-6c3472a04b48","optionName":"@helpText","value":""},{"declaredType":"com.ibm.bpmsdk.model.coach.ConfigData","id":"e389a760-4fc8-43bd-8a06-9dcc0bfeb61c","optionName":"@labelVisibility","value":"SHOW"}],"viewUUID":"64.ff97945c-a44b-44d1-8b36-083255daf920","declaredType":"com.ibm.bpmsdk.model.coach.ViewRef","id":"a4230606-1fc8-4eda-8935-e9056454ac85","version":"8550"},{"contentBoxContrib":[{"contributions":[{"contentBoxContrib":[{"contributions":[{"layoutItemId":"Display_text5","configData":[{"declaredType":"com.ibm.bpmsdk.model.coach.ConfigData","id":"84736de6-e069-4ba6-8bef-91df766ec43b","optionName":"labelWeightNormal","value":"{\"isResponsiveData\":true,\"values\":[{\"deviceConfigID\":\"LargeID\",\"value\":true}]}"},{"declaredType":"com.ibm.bpmsdk.model.coach.ConfigData","id":"00e553fa-25b6-44a6-862d-fa8629d60ad4","optionName":"@label","value":"This is placeholder text"},{"declaredType":"com.ibm.bpmsdk.model.coach.ConfigData","id":"a22255db-a22a-4053-8da6-6a7b5461c597","optionName":"@helpText","value":""},{"declaredType":"com.ibm.bpmsdk.model.coach.ConfigData","id":"2302fa95-1d02-44d4-8b6a-19aa0ecdc1f1","optionName":"@labelVisibility","value":"HIDE"},{"declaredType":"com.ibm.bpmsdk.model.coach.ConfigData","id":"76d26f26-456b-4c7a-8951-2475238aeedf","optionName":"width","value":"{\"isResponsiveData\":true,\"values\":[{\"deviceConfigID\":\"LargeID\",\"value\":\"\"}]}"},{"declaredType":"com.ibm.bpmsdk.model.coach.ConfigData","id":"c2e88fd0-65e6-4309-8a03-167aff7caa01","optionName":"sizeStyle","value":"{\"isResponsiveData\":true,\"values\":[{\"deviceConfigID\":\"LargeID\",\"value\":\"G\"}]}"},{"valueType":"static","declaredType":"com.ibm.bpmsdk.model.coach.ConfigData","id":"1347acec-8509-4ad2-8bf2-da5b943c2f55","optionName":"weightStyle","value":"D"},{"valueType":"static","declaredType":"com.ibm.bpmsdk.model.coach.ConfigData","id":"db8283e8-98e3-4fae-8f58-4dd84d7d94f5","optionName":"colorStyle","value":""},{"declaredType":"com.ibm.bpmsdk.model.coach.ConfigData","id":"8b22bcd2-067b-4f80-8cf5-2b83dfd96b2a","optionName":"labelPlacement","value":"{\"isResponsiveData\":true,\"values\":[{\"deviceConfigID\":\"LargeID\",\"value\":\"\"}]}"}],"viewUUID":"64.f634f22e-7800-4bd7-9f1e-87177acfb3bc","binding":"tw.local.labLabel","declaredType":"com.ibm.bpmsdk.model.coach.ViewRef","id":"56c0693f-8361-4181-801b-0e2bb72335e8","version":"8550"},{"layoutItemId":"Icon2","configData":[{"declaredType":"com.ibm.bpmsdk.model.coach.ConfigData","id":"457575a4-1559-49c1-87b6-8cef5d171dc3","optionName":"@label","value":"Icon"},{"declaredType":"com.ibm.bpmsdk.model.coach.ConfigData","id":"a9855948-8f2d-48f7-8e03-8ab1dccd865b","optionName":"@helpText","value":""},{"declaredType":"com.ibm.bpmsdk.model.coach.ConfigData","id":"3daf773e-1244-4fe6-80f0-d81e2b1b8633","optionName":"@labelVisibility","value":"SHOW"},{"valueType":"static","declaredType":"com.ibm.bpmsdk.model.coach.ConfigData","id":"16f1603a-cf60-49e5-81d9-c5f0d1fb327e","optionName":"radius","value":"0px"},{"declaredType":"com.ibm.bpmsdk.model.coach.ConfigData","id":"924d4ac4-d988-4d34-8c8a-f58efe02b956","optionName":"icon","value":"ci-laptop"},{"declaredType":"com.ibm.bpmsdk.model.coach.ConfigData","id":"20e9f6a4-3a89-45c8-8ee5-7809d0de3fe9","optionName":"iconSize","value":"{\"isResponsiveData\":true,\"values\":[{\"deviceConfigID\":\"LargeID\",\"value\":\"100\"}]}"},{"declaredType":"com.ibm.bpmsdk.model.coach.ConfigData","id":"4c3b0304-9ad6-420c-8664-6341aa7d808d","optionName":"eventON_CLICK","value":"window.open(\"http://ibm.biz/cp4ba-onboarding-automation\")"},{"valueType":"static","declaredType":"com.ibm.bpmsdk.model.coach.ConfigData","id":"f906faa3-213c-497a-8200-abb453ef40e1","optionName":"colorStyle","value":""},{"valueType":"static","declaredType":"com.ibm.bpmsdk.model.coach.ConfigData","id":"b92341d1-295e-4387-80cb-f7013a088e07","optionName":"outline","value":"false"}],"viewUUID":"64.1b440a6c-8508-4f95-bc28-728a58f2353c","declaredType":"com.ibm.bpmsdk.model.coach.ViewRef","id":"0f2bd76e-69a4-444c-87ce-4a82b0e035fd","version":"8550"}],"contentBoxId":"ContentBox1","declaredType":"com.ibm.bpmsdk.model.coach.ContentBoxContrib","id":"a5ced26d-595b-4646-88ba-480840d427c2"}],"layoutItemId":"Vertical_layout5","configData":[{"declaredType":"com.ibm.bpmsdk.model.coach.ConfigData","id":"402d8ed7-280e-4ded-88c5-6da17d6d4fdb","optionName":"@label","value":"Vertical layout 3"},{"declaredType":"com.ibm.bpmsdk.model.coach.ConfigData","id":"f1ae3868-a9ee-424a-8abd-c70539f59295","optionName":"@helpText","value":""},{"declaredType":"com.ibm.bpmsdk.model.coach.ConfigData","id":"384067b6-9362-4925-8467-90def966655c","optionName":"@labelVisibility","value":"SHOW"},{"declaredType":"com.ibm.bpmsdk.model.coach.ConfigData","id":"8ef6b717-a744-4564-82e2-9056397c8939","optionName":"hAlignment","value":"{\"isResponsiveData\":true,\"values\":[{\"deviceConfigID\":\"LargeID\",\"value\":\"C\"}]}"}],"viewUUID":"64.ef447b87-24a2-42a7-b2b9-cd471e9f7b67","declaredType":"com.ibm.bpmsdk.model.coach.ViewRef","id":"314e8a22-815e-4a13-8562-2e0a9ed6ad55","version":"8550"}],"contentBoxId":"ContentBox1","declaredType":"com.ibm.bpmsdk.model.coach.ContentBoxContrib","id":"31d6d889-09bb-4a96-872b-619ead9280a6"}],"layoutItemId":"Horizontal_layout3","configData":[{"declaredType":"com.ibm.bpmsdk.model.coach.ConfigData","id":"f3c052d6-e9ef-4579-88fd-71a50500ac48","optionName":"@label","value":"Horizontal layout 3"},{"declaredType":"com.ibm.bpmsdk.model.coach.ConfigData","id":"47d98914-f4b8-476c-8b3a-8b100287499a","optionName":"@helpText","value":""},{"declaredType":"com.ibm.bpmsdk.model.coach.ConfigData","id":"721a1c97-8df2-49fa-8836-394feca16a72","optionName":"@labelVisibility","value":"SHOW"}],"viewUUID":"64.44f463cc-615b-43d0-834f-c398a82e0363","declaredType":"com.ibm.bpmsdk.model.coach.ViewRef","id":"1cc8de4b-6dd5-4aa5-8e41-109ea6da29ea","version":"8550"}],"contentBoxId":"ContentBox1","declaredType":"com.ibm.bpmsdk.model.coach.ContentBoxContrib","id":"7c3c486d-a040-4273-8898-4289ef99dfae"}],"layoutItemId":"Well2","configData":[{"declaredType":"com.ibm.bpmsdk.model.coach.ConfigData","id":"5213d99a-cbe8-490e-8149-fab1080fca05","optionName":"@label","value":"Well 2"},{"declaredType":"com.ibm.bpmsdk.model.coach.ConfigData","id":"d9c8b221-cb75-4035-8398-618243ee86b6","optionName":"@helpText","value":""},{"declaredType":"com.ibm.bpmsdk.model.coach.ConfigData","id":"544ac988-300e-4e4f-857a-b442479054eb","optionName":"@labelVisibility","value":"SHOW"},{"declaredType":"com.ibm.bpmsdk.model.coach.ConfigData","id":"cde05ad1-3ec0-4521-8e77-5bba0852d231","optionName":"vAlignment","value":"{\"isResponsiveData\":true,\"values\":[{\"deviceConfigID\":\"LargeID\",\"value\":\"M\"}]}"}],"viewUUID":"64.64ae2c6c-6c21-491c-b5ab-c58848dd9e48","declaredType":"com.ibm.bpmsdk.model.coach.ViewRef","id":"dd4d043a-a4c8-47dd-81be-47f01eb7d477","version":"8550"}],"contentBoxId":"ContentBox1","declaredType":"com.ibm.bpmsdk.model.coach.ContentBoxContrib","id":"51ad143a-dce6-4426-83b4-829db8e2f74f"}],"layoutItemId":"overview_modal","configData":[{"declaredType":"com.ibm.bpmsdk.model.coach.ConfigData","id":"98361965-66c3-48c0-8c74-8bc578cb3a04","optionName":"@label","value":"Modal section"},{"declaredType":"com.ibm.bpmsdk.model.coach.ConfigData","id":"aacce59c-dd06-441e-89a0-945c6eef4dd4","optionName":"@helpText","value":""},{"declaredType":"com.ibm.bpmsdk.model.coach.ConfigData","id":"9c097756-f3c6-4202-8cf0-0d867dd76245","optionName":"@labelVisibility","value":"SHOW"},{"declaredType":"com.ibm.bpmsdk.model.coach.ConfigData","id":"b9e1e1d3-a0e4-4a10-8a92-5027f98b5ea7","optionName":"modalWellWidth","value":"{\"isResponsiveData\":true,\"values\":[{\"deviceConfigID\":\"LargeID\",\"value\":\"60%\"}]}"},{"declaredType":"com.ibm.bpmsdk.model.coach.ConfigData","id":"b208b682-dcf3-492e-8a62-0709d95f1bdf","optionName":"closeOnClick","value":"true"},{"declaredType":"com.ibm.bpmsdk.model.coach.ConfigData","id":"a47a57e2-e9a8-4943-85b6-1630750e0f92","optionName":"@visibility","value":"{\"isResponsiveData\":true,\"values\":[{\"deviceConfigID\":\"LargeID\",\"value\":\"HIDDEN\"}]}"}],"viewUUID":"64.66286dff-19bf-447a-ad5c-4fc385fea67d","declaredType":"com.ibm.bpmsdk.model.coach.ViewRef","id":"74343057-7df0-43ea-8437-317b9e9e24ae","version":"8550"}]},"declaredType":"com.ibm.bpmsdk.model.coach.TCoachDefinition"}},"extensionElements":{"nodeVisualInfo":[{"width":95,"x":350,"y":177,"declaredType":"TNodeVisualInfo","height":70}]},"name":"Starting Page","isForCompensation":false,"completionQuantity":1,"declaredType":"com.ibm.bpmsdk.model.bpmn20.ibmext.TFormTask","isHeritageCoach":false,"id":"2025.bdc503ee-2d21-4278-82b7-316264cee9fa","cachePage":false},{"extensionElements":{"nodeVisualInfo":[{"color":"#F8F8F8","width":24,"x":700,"y":200,"declaredType":"TNodeVisualInfo","height":24}],"navigationInstructions":[{"targetType":"Default","declaredType":"com.ibm.bpmsdk.model.bpmn20.ibmext.TNavigationInstructions"}]},"name":"End","declaredType":"endEvent","id":"81bfd30b-9cf2-4b50-96ad-55fa640a59db"},{"targetRef":"2025.bdc503ee-2d21-4278-82b7-316264cee9fa","extensionElements":{"linkVisualInfo":[{"sourcePortLocation":"rightCenter","showCoachControlLabel":false,"labelPosition":0.0,"targetPortLocation":"leftCenter","declaredType":"TLinkVisualInfo","saveExecutionContext":false,"showLabel":false}]},"name":"To Coach","declaredType":"sequenceFlow","id":"2027.551387da-a46e-4dc5-b61a-a7d695dc1fdf","sourceRef":"75bc5e23-a1af-4258-b02a-b7c319c16939"},{"extensionElements":{"defaultValue":[{"declaredType":"com.ibm.bpmsdk.model.bpmn20.ibmext.TDefaultValue","useDefault":true,"value":"\"Onboarding Automation\""}]},"itemSubjectRef":"itm.12.db884a3c-c533-44b7-bb2d-47bec8ad4022","name":"demoName","isCollection":false,"declaredType":"dataObject","id":"2056.2b6c60bd-7779-4c45-8048-c9039b0e831e"},{"extensionElements":{"defaultValue":[{"declaredType":"com.ibm.bpmsdk.model.bpmn20.ibmext.TDefaultValue","useDefault":true,"value":"\"Storyboard\""}]},"itemSubjectRef":"itm.12.db884a3c-c533-44b7-bb2d-47bec8ad4022","name":"storyboardButtonLabel","isCollection":false,"declaredType":"dataObject","id":"2056.50c9e5dd-22a1-49c0-8acd-4b0ca970d121"},{"extensionElements":{"defaultValue":[{"declaredType":"com.ibm.bpmsdk.model.bpmn20.ibmext.TDefaultValue","useDefault":true,"value":"\"Discovery Map\""}]},"itemSubjectRef":"itm.12.db884a3c-c533-44b7-bb2d-47bec8ad4022","name":"discoveryMapButtonLabel","isCollection":false,"declaredType":"dataObject","id":"2056.3de9a80a-c909-4cef-984f-e0039d191b37"},{"extensionElements":{"defaultValue":[{"declaredType":"com.ibm.bpmsdk.model.bpmn20.ibmext.TDefaultValue","useDefault":true,"value":"\"Diagram\""}]},"itemSubjectRef":"itm.12.db884a3c-c533-44b7-bb2d-47bec8ad4022","name":"diagramLabel","isCollection":false,"declaredType":"dataObject","id":"2056.a9ba60b2-fb33-49f8-9d2b-4f892c62dc5c"},{"extensionElements":{"defaultValue":[{"declaredType":"com.ibm.bpmsdk.model.bpmn20.ibmext.TDefaultValue","useDefault":true,"value":"\"Run the demo!\""}]},"itemSubjectRef":"itm.12.db884a3c-c533-44b7-bb2d-47bec8ad4022","name":"runDemoButtonLabel","isCollection":false,"declaredType":"dataObject","id":"2056.2b104347-4ac1-41dd-9b0a-d6c6dd5d89c3"},{"extensionElements":{"defaultValue":[{"declaredType":"com.ibm.bpmsdk.model.bpmn20.ibmext.TDefaultValue","useDefault":true,"value":"\"Entry Point:\""}]},"itemSubjectRef":"itm.12.db884a3c-c533-44b7-bb2d-47bec8ad4022","name":"entryPointUseCaseLabel","isCollection":false,"declaredType":"dataObject","id":"2056.e656e349-4bf6-4d42-a67c-61ed366f3422"},{"extensionElements":{"defaultValue":[{"declaredType":"com.ibm.bpmsdk.model.bpmn20.ibmext.TDefaultValue","useDefault":true,"value":"\"Enable secure, compliant content access with content services\""}]},"itemSubjectRef":"itm.12.db884a3c-c533-44b7-bb2d-47bec8ad4022","name":"entryPointUseCaseValue","isCollection":false,"declaredType":"dataObject","id":"2056.9206ba39-fd8c-42ea-aed3-ace8421cb0a9"},{"extensionElements":{"defaultValue":[{"declaredType":"com.ibm.bpmsdk.model.bpmn20.ibmext.TDefaultValue","useDefault":true,"value":"\"Entry Point Overview\""}]},"itemSubjectRef":"itm.12.db884a3c-c533-44b7-bb2d-47bec8ad4022","name":"overviewButtonLabel","isCollection":false,"declaredType":"dataObject","id":"2056.ec4eed79-95e4-4514-9726-500651a450fb"},{"extensionElements":{"defaultValue":[{"declaredType":"com.ibm.bpmsdk.model.bpmn20.ibmext.TDefaultValue","useDefault":true,"value":"\"<p style='font-size: 22px'; hyphens: auto; -webkit-hyphens: auto; -moz-hyphens: auto; -ms-hyphens: auto; -o-hyphens: auto; word-break: break-word; overflow-wrap: break-word; lang: en>Focus Corp must collaborate both internally and externally during the employee onboarding process as well as enforce structured and adhoc workflows.<br/><br/>Focus Corp accelerates the use of unstructured content in an employee onboarding use case using teamspaces and secure external file sharing. You will assume the role of Lucy, an HR employee onboarding specialist at Focus Corp. Lucy’s objective is to improve Focus Corp’s process and ensure various onboarding requirements are met in a secure, structured, consistent and timely manner to onboard the new employees.</p>\""}]},"itemSubjectRef":"itm.12.db884a3c-c533-44b7-bb2d-47bec8ad4022","name":"entryPointUseCaseOverview","isCollection":false,"declaredType":"dataObject","id":"2056.c2b8f479-450b-4465-8b09-c83669d19b90"},{"extensionElements":{"defaultValue":[{"declaredType":"com.ibm.bpmsdk.model.bpmn20.ibmext.TDefaultValue","useDefault":true,"value":"\"Video\""}]},"itemSubjectRef":"itm.12.db884a3c-c533-44b7-bb2d-47bec8ad4022","name":"videoLabel","isCollection":false,"declaredType":"dataObject","id":"2056.d375e75f-7dd7-4b92-b2c6-e927bf38110b"},{"extensionElements":{"defaultValue":[{"declaredType":"com.ibm.bpmsdk.model.bpmn20.ibmext.TDefaultValue","useDefault":true,"value":"\"Getting Started Lab\""}]},"itemSubjectRef":"itm.12.db884a3c-c533-44b7-bb2d-47bec8ad4022","name":"labLabel","isCollection":false,"declaredType":"dataObject","id":"2056.6ba85943-6ef7-4170-8eda-401f221d49b0"},{"extensionElements":{"defaultValue":[{"declaredType":"com.ibm.bpmsdk.model.bpmn20.ibmext.TDefaultValue","useDefault":true,"value":"\"Click to launch the demo interfaces...\""}]},"itemSubjectRef":"itm.12.db884a3c-c533-44b7-bb2d-47bec8ad4022","name":"demoInterfacesLabel","isCollection":false,"declaredType":"dataObject","id":"2056.01f158f1-b4d4-42ae-9af4-db7469020429"},{"extensionElements":{"defaultValue":[{"declaredType":"com.ibm.bpmsdk.model.bpmn20.ibmext.TDefaultValue","useDefault":true,"value":"\"Lucy -<br/>HR Employee<br/>Onboarding Specialist\""}]},"itemSubjectRef":"itm.12.db884a3c-c533-44b7-bb2d-47bec8ad4022","name":"persona1Name","isCollection":false,"declaredType":"dataObject","id":"2056.bec9df47-ea89-44d0-a353-18fcddffe324"},{"extensionElements":{"defaultValue":[{"declaredType":"com.ibm.bpmsdk.model.bpmn20.ibmext.TDefaultValue","useDefault":true,"value":"\"John Doe -<br/>Applicant\""}]},"itemSubjectRef":"itm.12.db884a3c-c533-44b7-bb2d-47bec8ad4022","name":"persona2Name","isCollection":false,"declaredType":"dataObject","id":"2056.3fd18db7-1ef4-41a9-830d-0c04cef13fe6"}],"htmlHeaderTag":[{"declaredType":"com.ibm.bpmsdk.model.bpmn20.ibmext.THtmlHeaderTag","id":"00b2dd7b-5187-4515-949b-251cbfeaa4fe","tagName":"viewport","content":"width=device-width,initial-scale=1.0","enabled":true}],"isClosed":false,"declaredType":"com.ibm.bpmsdk.model.bpmn20.ibmext.TUserTaskImplementation","id":"9e7011f2-9ff7-4319-a578-f1ac5ca28da6","processType":"None"}],"exposedAs":["NotExposed"]},"implementation":"##unspecified","documentation":[{"textFormat":"text/plain"}],"name":"Onboarding Automation","declaredType":"globalUserTask","id":"1.306be736-82fc-474c-9095-ad052efa91a0","ioSpecification":{"inputSet":[{"id":"0239c1e9-d77d-4537-bb67-fc96250d9d53"}],"outputSet":[{"id":"c5487214-080e-49ca-91e7-efb95888eb63"}]}}],"targetNamespace":"","typeLanguage":"http://www.w3.org/2001/XMLSchema","expressionLanguage":"http://www.ibm.com/xmlns/prod/bpm/expression-lang/javascript","id":"f92c820c-dcf5-4125-843f-2a877f5aa2ca"}},"status":"200"}