{"2064.304ac881-16c3-47d2-97d5-6e4c4a893177":{"Services":[],"Action Flow":["1.ef1ed168-6a53-4ca0-99a7-155e43503e6a","1.8d8b02fa-b239-4f3c-9296-20b1546985e5","1.bacfbbb3-7c56-42d8-a721-0c141db51c9c","1.619262c8-142d-40e7-b00f-e4fbc1da6f3f","1.4c0836a3-9a00-4cf5-bb21-ba483eeacc48","1.f07b958a-454c-49d8-a7f7-5c185cbc0264","1.8f51f5d9-84bb-4a9c-8e73-bb7df3b4b412"],"Application Flow":[],"REST SERVICE":[]},"2064.1080ded6-d153-4654-947c-2d16fce170db":{"Services":[],"Action Flow":["1.65a68894-5f18-4b2b-b813-4cd1f66d97df","1.7fac8f02-fe33-44d7-81c4-24477b684552","1.53231696-f249-4d1b-9c92-a421f1425f12"],"Application Flow":[],"REST SERVICE":[]},"2064.65b9c188-2fb7-40d6-a5a7-8441f26a36d4":{"ActionRefs":{"1.306be736-82fc-474c-9095-ad052efa91a0":["1.7fac8f02-fe33-44d7-81c4-24477b684552","1.65a68894-5f18-4b2b-b813-4cd1f66d97df","1.53231696-f249-4d1b-9c92-a421f1425f12"]},"EnvRefs":{"1.306be736-82fc-474c-9095-ad052efa91a0":[]},"isToolkit":false,"description":"Enable secure, compliant content access with content services","type":"app","version":"2021.06.22_05","REST SERVICE":[],"Services":[],"projectAcronym":"OA","ApplicationDataPersistenceRefs":{"GetApplicationDataRefs":{"actionId":"1.7fac8f02-fe33-44d7-81c4-24477b684552","inputParamsId":"2055.bb94be13-b6bf-4653-8030-cdcfce425274","outputParamsId":"2055.343143da-76f3-4c09-8733-cf9ec9c58b2d"},"SetApplicationDataRefs":{"actionId":"1.65a68894-5f18-4b2b-b813-4cd1f66d97df","inputParamsId":"2055.9092177b-eb9a-4b43-880f-1bde5d2768af"},"DeleteApplicationDataRefs":{"actionId":"1.53231696-f249-4d1b-9c92-a421f1425f12","inputParamsId":"2055.e775eab7-528d-4e49-85d6-6d3e89f8badd"}},"lastModified":"2021-07-08T15:28:28.533Z","Action Flow":[],"projectName":"Onboarding Automation","projectID":"2066.2387da24-6fa5-4b61-9738-9aad54f96953","Application Flow":["1.306be736-82fc-474c-9095-ad052efa91a0"],"snapshotAcronym":"2021._7","Coach":"T","Webasset":"T"},"2064.8c84814c-ae63-4915-87f4-611139be292a":{"Services":[],"Action Flow":[],"Application Flow":[],"REST SERVICE":[],"Webasset":"T"}}